query_id,dataset,query,top_k,retrieved_doc_ids,temporal_freshness,temporal_availability,source_credibility,evidence_consistency,evidence_sufficiency,ragas_context_precision,deepeval_faithfulness,trri,processing_metadata
pubmedqa_39085,pubmedqa,Is there a functional neural correlate of individual differences in cardiovascular reactivity?,3,"[""pubmedqa_39085_chunk_0"", ""pubmedqa_39085_chunk_1"", ""pubmedqa_39085_chunk_2""]",0.4386,1.0,0.45,0.8298,0.7019,0.7019,0.8298,0.7531,"{""gt_confidence"": 1.0, ""strategy"": ""weighted_mean"", ""chunks_indexed"": 5}"
pubmedqa_42813,pubmedqa,Can we use the Omron T9P automated blood pressure monitor in pregnancy?,3,"[""pubmedqa_42813_chunk_0"", ""pubmedqa_42813_chunk_1"", ""pubmedqa_42813_chunk_2""]",0.4386,1.0,0.45,0.9263,0.6741,0.6741,0.9263,0.775,"{""gt_confidence"": 1.0, ""strategy"": ""weighted_mean"", ""chunks_indexed"": 5}"
pubmedqa_57525,pubmedqa,Intraabdominal vascular injury: are we getting any better?,3,"[""pubmedqa_57525_chunk_0"", ""pubmedqa_57525_chunk_1"", ""pubmedqa_57525_chunk_2""]",0.2924,1.0,0.45,0.8589,0.659,0.659,0.8589,0.739,"{""gt_confidence"": 1.0, ""strategy"": ""weighted_mean"", ""chunks_indexed"": 5}"
pubmedqa_29863,pubmedqa,Hand grip and pinch strength in patients with nocturnal enuresis: is there a role of muscle strength in pathogenesis of enuresis?,3,"[""pubmedqa_29863_chunk_0"", ""pubmedqa_29863_chunk_1"", ""pubmedqa_29863_chunk_2""]",0.4386,1.0,0.45,0.8607,0.7949,0.7949,0.8607,0.8212,"{""gt_confidence"": 1.0, ""strategy"": ""weighted_mean"", ""chunks_indexed"": 5}"
pubmedqa_36126,pubmedqa,Is Canada ready for patient accessible electronic health records?,3,"[""pubmedqa_36126_chunk_0"", ""pubmedqa_36126_chunk_1"", ""pubmedqa_36126_chunk_2""]",0.4386,1.0,0.45,0.8496,0.6632,0.6632,0.8496,0.7378,"{""gt_confidence"": 1.0, ""strategy"": ""weighted_mean"", ""chunks_indexed"": 5}"
pubmedqa_19945,pubmedqa,Mortality in the Jerusalem 70-year-olds longitudinal study: does nifedipine have a role?,3,"[""pubmedqa_19945_chunk_0"", ""pubmedqa_19945_chunk_1"", ""pubmedqa_19945_chunk_2""]",0.2924,1.0,0.45,0.8372,0.7976,0.7976,0.8372,0.8134,"{""gt_confidence"": 1.0, ""strategy"": ""weighted_mean"", ""chunks_indexed"": 6}"
pubmedqa_30745,pubmedqa,Quality evaluation reports: Can a faculty development program make a difference?,3,"[""pubmedqa_30745_chunk_0"", ""pubmedqa_30745_chunk_1"", ""pubmedqa_30745_chunk_2""]",0.4386,1.0,0.45,0.8164,0.6563,0.6563,0.8164,0.7203,"{""gt_confidence"": 1.0, ""strategy"": ""weighted_mean"", ""chunks_indexed"": 5}"
pubmedqa_51833,pubmedqa,Uroflow Stop Test and Potency Recovery: A Surrogate for Pelvic Floor Integrity Post Robotic-Assisted Radical Prostatectomy?,3,"[""pubmedqa_51833_chunk_0"", ""pubmedqa_51833_chunk_1"", ""pubmedqa_51833_chunk_2""]",0.4386,1.0,0.45,0.8417,0.4193,0.4193,0.8417,0.5883,"{""gt_confidence"": 1.0, ""strategy"": ""weighted_mean"", ""chunks_indexed"": 5}"
pubmedqa_57601,pubmedqa,"Female genital cutting in Kilimanjaro, Tanzania: changing attitudes?",3,"[""pubmedqa_57601_chunk_0"", ""pubmedqa_57601_chunk_1"", ""pubmedqa_57601_chunk_2""]",0.4386,1.0,0.45,0.8381,0.684,0.684,0.8381,0.7456,"{""gt_confidence"": 1.0, ""strategy"": ""weighted_mean"", ""chunks_indexed"": 5}"
pubmedqa_7982,pubmedqa,Is the colonic response to food different in IBS in contrast to simple constipation or diarrhea without abdominal pain?,3,"[""pubmedqa_7982_chunk_0"", ""pubmedqa_7982_chunk_1"", ""pubmedqa_7982_chunk_2""]",0.4386,1.0,0.45,0.8591,0.6926,0.6926,0.8591,0.7592,"{""gt_confidence"": 1.0, ""strategy"": ""weighted_mean"", ""chunks_indexed"": 5}"
pubmedqa_51190,pubmedqa,Does patient position influence Doppler signal quality from the USCOM ultrasonic cardiac output monitor?,3,"[""pubmedqa_51190_chunk_0"", ""pubmedqa_51190_chunk_1"", ""pubmedqa_51190_chunk_2""]",0.4386,1.0,0.45,0.8628,0.7453,0.7453,0.8628,0.7923,"{""gt_confidence"": 1.0, ""strategy"": ""weighted_mean"", ""chunks_indexed"": 5}"
pubmedqa_27482,pubmedqa,Do therapeutic doses of acarbose alter the pharmacokinetics of digoxin?,3,"[""pubmedqa_27482_chunk_0"", ""pubmedqa_27482_chunk_1"", ""pubmedqa_27482_chunk_2""]",0.4386,1.0,0.45,0.8636,0.726,0.726,0.8636,0.781,"{""gt_confidence"": 1.0, ""strategy"": ""weighted_mean"", ""chunks_indexed"": 5}"
pubmedqa_10959,pubmedqa,Have diagnostic practices contributed to trends in leukemia incidence and mortality among Canadians?,3,"[""pubmedqa_10959_chunk_0"", ""pubmedqa_10959_chunk_1"", ""pubmedqa_10959_chunk_2""]",0.2924,1.0,0.45,0.8699,0.7424,0.7424,0.8699,0.7934,"{""gt_confidence"": 1.0, ""strategy"": ""weighted_mean"", ""chunks_indexed"": 5}"
pubmedqa_52828,pubmedqa,Repeated exposure to antibiotics in infancy: a predisposing factor for juvenile idiopathic arthritis or a sign of this group's greater susceptibility to infections?,3,"[""pubmedqa_52828_chunk_0"", ""pubmedqa_52828_chunk_1"", ""pubmedqa_52828_chunk_2""]",0.2924,1.0,0.45,0.8422,0.7198,0.7198,0.8422,0.7688,"{""gt_confidence"": 1.0, ""strategy"": ""weighted_mean"", ""chunks_indexed"": 5}"
pubmedqa_59604,pubmedqa,Altered levels of fecal chromogranins and secretogranins in IBS: relevance for pathophysiology and symptoms?,3,"[""pubmedqa_59604_chunk_0"", ""pubmedqa_59604_chunk_1"", ""pubmedqa_59604_chunk_2""]",0.4386,1.0,0.45,0.8505,0.7436,0.7436,0.8505,0.7864,"{""gt_confidence"": 1.0, ""strategy"": ""weighted_mean"", ""chunks_indexed"": 5}"
pubmedqa_5466,pubmedqa,"Does typing of human papillomavirus assist in the triage of women with repeated low-grade, cervical cytologic abnormalities?",3,"[""pubmedqa_5466_chunk_0"", ""pubmedqa_5466_chunk_1"", ""pubmedqa_5466_chunk_2""]",0.4386,1.0,0.45,0.8878,0.67,0.67,0.8878,0.7571,"{""gt_confidence"": 1.0, ""strategy"": ""weighted_mean"", ""chunks_indexed"": 5}"
pubmedqa_11290,pubmedqa,Prognostic impact of epidermal growth factor receptor on clear cell renal cell carcinoma: Does it change with different expression patterns?,3,"[""pubmedqa_11290_chunk_0"", ""pubmedqa_11290_chunk_1"", ""pubmedqa_11290_chunk_2""]",0.4386,1.0,0.45,0.8771,0.7509,0.7509,0.8771,0.8014,"{""gt_confidence"": 1.0, ""strategy"": ""weighted_mean"", ""chunks_indexed"": 5}"
pubmedqa_54443,pubmedqa,Should we routinely transfuse platelet for immune thrombocytopenia patients with platelet count less than 10 × 10⁹/L who underwent laparoscopic splenectomy?,3,"[""pubmedqa_54443_chunk_0"", ""pubmedqa_54443_chunk_1"", ""pubmedqa_54443_chunk_2""]",0.4386,1.0,0.45,0.8946,0.7264,0.7264,0.8946,0.7937,"{""gt_confidence"": 1.0, ""strategy"": ""weighted_mean"", ""chunks_indexed"": 5}"
pubmedqa_15392,pubmedqa,"Can the life span of human marrow stromal cells be prolonged by bmi-1, E6, E7, and/or telomerase without affecting cardiomyogenic differentiation?",3,"[""pubmedqa_15392_chunk_0"", ""pubmedqa_15392_chunk_1"", ""pubmedqa_15392_chunk_2""]",0.4386,1.0,0.45,0.8885,0.7107,0.7107,0.8885,0.7818,"{""gt_confidence"": 1.0, ""strategy"": ""weighted_mean"", ""chunks_indexed"": 5}"
pubmedqa_16342,pubmedqa,Can a brief clinical practicum influence physicians' communications with patients about alcohol and drug problems?,3,"[""pubmedqa_16342_chunk_0"", ""pubmedqa_16342_chunk_1"", ""pubmedqa_16342_chunk_2""]",0.4386,1.0,0.45,0.8846,0.7243,0.7243,0.8846,0.7884,"{""gt_confidence"": 1.0, ""strategy"": ""weighted_mean"", ""chunks_indexed"": 5}"
pubmedqa_42601,pubmedqa,Can text messaging be used as an effective method for collecting quality and detailed evaluation data from students on clinical placements?,3,"[""pubmedqa_42601_chunk_0"", ""pubmedqa_42601_chunk_1"", ""pubmedqa_42601_chunk_2""]",0.4386,1.0,0.45,0.7738,0.7436,0.7436,0.7738,0.7557,"{""gt_confidence"": 1.0, ""strategy"": ""weighted_mean"", ""chunks_indexed"": 5}"
pubmedqa_36868,pubmedqa,Is bilateral lower limb lengthening appropriate for achondroplasia?,3,"[""pubmedqa_36868_chunk_0"", ""pubmedqa_36868_chunk_1"", ""pubmedqa_36868_chunk_2""]",0.2924,1.0,0.45,0.9287,0.7372,0.7372,0.9287,0.8138,"{""gt_confidence"": 1.0, ""strategy"": ""weighted_mean"", ""chunks_indexed"": 6}"
pubmedqa_19589,pubmedqa,Conventional laparoscopic and robot-assisted spleen-preserving pancreatectomy: does da Vinci have clinical advantages?,3,"[""pubmedqa_19589_chunk_0"", ""pubmedqa_19589_chunk_1"", ""pubmedqa_19589_chunk_2""]",0.2924,1.0,0.45,0.9157,0.722,0.722,0.9157,0.7995,"{""gt_confidence"": 1.0, ""strategy"": ""weighted_mean"", ""chunks_indexed"": 6}"
pubmedqa_46376,pubmedqa,"Does the CT improve inter- and intra-observer agreement for the AO, Fernandez and Universal classification systems for distal radius fractures?",3,"[""pubmedqa_46376_chunk_0"", ""pubmedqa_46376_chunk_1"", ""pubmedqa_46376_chunk_2""]",0.4386,1.0,0.45,0.8593,0.7464,0.7464,0.8593,0.7916,"{""gt_confidence"": 1.0, ""strategy"": ""weighted_mean"", ""chunks_indexed"": 5}"
pubmedqa_41734,pubmedqa,Should we give prophylactic renal-dose dopamine after coronary artery bypass surgery?,3,"[""pubmedqa_41734_chunk_0"", ""pubmedqa_41734_chunk_1"", ""pubmedqa_41734_chunk_2""]",0.4386,1.0,0.45,0.9207,0.752,0.752,0.9207,0.8195,"{""gt_confidence"": 1.0, ""strategy"": ""weighted_mean"", ""chunks_indexed"": 5}"
pubmedqa_10907,pubmedqa,Does gender discrimination exist in a gynecology training program in a private hospital?,3,"[""pubmedqa_10907_chunk_0"", ""pubmedqa_10907_chunk_1"", ""pubmedqa_10907_chunk_2""]",0.4386,1.0,0.45,0.8543,0.6688,0.6688,0.8543,0.743,"{""gt_confidence"": 1.0, ""strategy"": ""weighted_mean"", ""chunks_indexed"": 6}"
pubmedqa_21205,pubmedqa,Measuring gaze patterns during colonoscopy: a useful tool to evaluate colon inspection?,3,"[""pubmedqa_21205_chunk_0"", ""pubmedqa_21205_chunk_1"", ""pubmedqa_21205_chunk_2""]",0.4386,1.0,0.45,0.9257,0.7594,0.7594,0.9257,0.8259,"{""gt_confidence"": 1.0, ""strategy"": ""weighted_mean"", ""chunks_indexed"": 5}"
pubmedqa_25735,pubmedqa,Cone biopsy: has endocervical sampling a role?,3,"[""pubmedqa_25735_chunk_0"", ""pubmedqa_25735_chunk_1"", ""pubmedqa_25735_chunk_2""]",0.4386,1.0,0.45,0.8789,0.7855,0.7855,0.8789,0.8229,"{""gt_confidence"": 1.0, ""strategy"": ""weighted_mean"", ""chunks_indexed"": 5}"
pubmedqa_57314,pubmedqa,Does insight have specific correlation with symptom dimensions in OCD?,3,"[""pubmedqa_57314_chunk_0"", ""pubmedqa_57314_chunk_1"", ""pubmedqa_57314_chunk_2""]",0.4386,1.0,0.45,0.8184,0.6939,0.6939,0.8184,0.7437,"{""gt_confidence"": 1.0, ""strategy"": ""weighted_mean"", ""chunks_indexed"": 5}"
pubmedqa_22449,pubmedqa,Is preoperative ciliary body and iris anatomical configuration a predictor of malignant glaucoma development?,3,"[""pubmedqa_22449_chunk_0"", ""pubmedqa_22449_chunk_1"", ""pubmedqa_22449_chunk_2""]",0.2924,1.0,0.45,0.9133,0.7201,0.7201,0.9133,0.7974,"{""gt_confidence"": 1.0, ""strategy"": ""weighted_mean"", ""chunks_indexed"": 5}"
pubmedqa_20943,pubmedqa,Postoperative complications: does intensive care unit staff nursing make a difference?,3,"[""pubmedqa_20943_chunk_0"", ""pubmedqa_20943_chunk_1"", ""pubmedqa_20943_chunk_2""]",0.4386,1.0,0.45,0.8753,0.69,0.69,0.8753,0.7641,"{""gt_confidence"": 1.0, ""strategy"": ""weighted_mean"", ""chunks_indexed"": 5}"
pubmedqa_55145,pubmedqa,Do resting brain dynamics predict oddball evoked-potential?,3,"[""pubmedqa_55145_chunk_0"", ""pubmedqa_55145_chunk_1"", ""pubmedqa_55145_chunk_2""]",0.4386,1.0,0.45,0.8432,0.7186,0.7186,0.8432,0.7684,"{""gt_confidence"": 1.0, ""strategy"": ""weighted_mean"", ""chunks_indexed"": 5}"
pubmedqa_51791,pubmedqa,Physiological and condition-related traits in the gynogenetic-sexual Carassius auratus complex: different investments promoting the coexistence of two reproductive forms?,3,"[""pubmedqa_51791_chunk_0"", ""pubmedqa_51791_chunk_1"", ""pubmedqa_51791_chunk_2""]",0.4386,1.0,0.45,0.9121,0.7497,0.7497,0.9121,0.8147,"{""gt_confidence"": 1.0, ""strategy"": ""weighted_mean"", ""chunks_indexed"": 5}"
pubmedqa_5356,pubmedqa,Is the quality of life different in patients with active and inactive tuberculosis?,3,"[""pubmedqa_5356_chunk_0"", ""pubmedqa_5356_chunk_1"", ""pubmedqa_5356_chunk_2""]",0.4386,1.0,0.45,0.8742,0.7237,0.7237,0.8742,0.7839,"{""gt_confidence"": 1.0, ""strategy"": ""weighted_mean"", ""chunks_indexed"": 5}"
pubmedqa_21672,pubmedqa,Granulomatous inflammation in sigmoid diverticulitis: two diseases or one?,3,"[""pubmedqa_21672_chunk_0"", ""pubmedqa_21672_chunk_1"", ""pubmedqa_21672_chunk_2""]",0.4386,1.0,0.45,0.866,0.7131,0.7131,0.866,0.7743,"{""gt_confidence"": 1.0, ""strategy"": ""weighted_mean"", ""chunks_indexed"": 5}"
pubmedqa_40851,pubmedqa,Could drought conditions trigger Schmallenberg virus and other arboviruses circulation?,3,"[""pubmedqa_40851_chunk_0"", ""pubmedqa_40851_chunk_1"", ""pubmedqa_40851_chunk_2""]",0.1462,1.0,0.45,0.8483,0.7118,0.7118,0.8483,0.7664,"{""gt_confidence"": 1.0, ""strategy"": ""weighted_mean"", ""chunks_indexed"": 5}"
pubmedqa_12629,pubmedqa,Can a modified anterior external fixator provide posterior compression of AP compression type III pelvic injuries?,3,"[""pubmedqa_12629_chunk_0"", ""pubmedqa_12629_chunk_1"", ""pubmedqa_12629_chunk_2""]",0.4386,1.0,0.45,0.9003,0.7329,0.7329,0.9003,0.7999,"{""gt_confidence"": 1.0, ""strategy"": ""weighted_mean"", ""chunks_indexed"": 5}"
pubmedqa_9314,pubmedqa,Racial health disparities among special health care needs children with mental disorders: do medical homes cater to their needs?,3,"[""pubmedqa_9314_chunk_0"", ""pubmedqa_9314_chunk_1"", ""pubmedqa_9314_chunk_2""]",0.4386,1.0,0.45,0.839,0.6694,0.6694,0.839,0.7372,"{""gt_confidence"": 1.0, ""strategy"": ""weighted_mean"", ""chunks_indexed"": 5}"
pubmedqa_6960,pubmedqa,Does chronic obstructive pulmonary disease with or without type 2 diabetes mellitus influence the risk of lung cancer?,3,"[""pubmedqa_6960_chunk_0"", ""pubmedqa_6960_chunk_1"", ""pubmedqa_6960_chunk_2""]",0.4386,1.0,0.45,0.9071,0.7637,0.7637,0.9071,0.8211,"{""gt_confidence"": 1.0, ""strategy"": ""weighted_mean"", ""chunks_indexed"": 5}"
pubmedqa_41840,pubmedqa,A cyclic breathing pattern in patients with poor left ventricular function and compensated heart failure: a mild form of Cheyne-Stokes respiration?,3,"[""pubmedqa_41840_chunk_0"", ""pubmedqa_41840_chunk_1"", ""pubmedqa_41840_chunk_2""]",0.4386,1.0,0.45,0.8525,0.7049,0.7049,0.8525,0.7639,"{""gt_confidence"": 1.0, ""strategy"": ""weighted_mean"", ""chunks_indexed"": 5}"
pubmedqa_51764,pubmedqa,Endothelial-dependent vasomotion in a coronary segment treated by ABSORB everolimus-eluting bioresorbable vascular scaffold system is related to plaque composition at the time of bioresorption of the polymer: indirect finding of vascular reparative therapy?,3,"[""pubmedqa_51764_chunk_0"", ""pubmedqa_51764_chunk_1"", ""pubmedqa_51764_chunk_2""]",0.4386,1.0,0.45,0.854,0.7319,0.7319,0.854,0.7807,"{""gt_confidence"": 1.0, ""strategy"": ""weighted_mean"", ""chunks_indexed"": 6}"
pubmedqa_56205,pubmedqa,"Aortic stenosis, atherosclerosis, and skeletal bone: is there a common link with calcification and inflammation?",3,"[""pubmedqa_56205_chunk_0"", ""pubmedqa_56205_chunk_1"", ""pubmedqa_56205_chunk_2""]",0.4386,1.0,0.45,0.8595,0.7355,0.7355,0.8595,0.7851,"{""gt_confidence"": 1.0, ""strategy"": ""weighted_mean"", ""chunks_indexed"": 5}"
pubmedqa_49998,pubmedqa,Morphological changes in the small intestinal smooth muscle layers of horses suffering from small intestinal strangulation. Is there a basis for predisposition for reduced contractility?,3,"[""pubmedqa_49998_chunk_0"", ""pubmedqa_49998_chunk_1"", ""pubmedqa_49998_chunk_2""]",0.4386,1.0,0.45,0.8442,0.7717,0.7717,0.8442,0.8007,"{""gt_confidence"": 1.0, ""strategy"": ""weighted_mean"", ""chunks_indexed"": 5}"
pubmedqa_6961,pubmedqa,Is sickness presenteeism a risk factor for depression?,3,"[""pubmedqa_6961_chunk_0"", ""pubmedqa_6961_chunk_1"", ""pubmedqa_6961_chunk_2""]",0.4386,1.0,0.45,0.8138,0.7372,0.7372,0.8138,0.7678,"{""gt_confidence"": 1.0, ""strategy"": ""weighted_mean"", ""chunks_indexed"": 5}"
pubmedqa_14594,pubmedqa,Does combination of intrathecal magnesium sulfate and morphine improve postcaesarean section analgesia?,3,"[""pubmedqa_14594_chunk_0"", ""pubmedqa_14594_chunk_1"", ""pubmedqa_14594_chunk_2""]",0.4386,1.0,0.45,0.8976,0.7456,0.7456,0.8976,0.8064,"{""gt_confidence"": 1.0, ""strategy"": ""weighted_mean"", ""chunks_indexed"": 5}"
pubmedqa_30010,pubmedqa,Left-sided polyps detected at screening CT colonography: do we need complete optical colonoscopy for further evaluation?,3,"[""pubmedqa_30010_chunk_0"", ""pubmedqa_30010_chunk_1"", ""pubmedqa_30010_chunk_2""]",0.4386,1.0,0.45,0.9087,0.719,0.719,0.9087,0.7949,"{""gt_confidence"": 1.0, ""strategy"": ""weighted_mean"", ""chunks_indexed"": 5}"
pubmedqa_32981,pubmedqa,National cancer incidence is estimated using the incidence/mortality ratio in countries with local incidence data: is this estimation correct?,3,"[""pubmedqa_32981_chunk_0"", ""pubmedqa_32981_chunk_1"", ""pubmedqa_32981_chunk_2""]",0.1462,1.0,0.45,0.9145,0.7646,0.7646,0.9145,0.8246,"{""gt_confidence"": 1.0, ""strategy"": ""weighted_mean"", ""chunks_indexed"": 5}"
pubmedqa_40134,pubmedqa,"Does ""opening the perineural space"" before stimulating catheter placement for continuous nerve block add value in clinical practice?",3,"[""pubmedqa_40134_chunk_0"", ""pubmedqa_40134_chunk_1"", ""pubmedqa_40134_chunk_2""]",0.4386,1.0,0.45,0.8556,0.7424,0.7424,0.8556,0.7877,"{""gt_confidence"": 1.0, ""strategy"": ""weighted_mean"", ""chunks_indexed"": 5}"
pubmedqa_52888,pubmedqa,Is Patient Age Associated with Perioperative Outcomes After Surgical Resection of Benign Cranial Nerve Neoplasms?,3,"[""pubmedqa_52888_chunk_0"", ""pubmedqa_52888_chunk_1"", ""pubmedqa_52888_chunk_2""]",0.2924,1.0,0.45,0.8335,0.4182,0.4182,0.8335,0.5843,"{""gt_confidence"": 1.0, ""strategy"": ""weighted_mean"", ""chunks_indexed"": 5}"
pubmedqa_54829,pubmedqa,Can subtle changes in gene expression be consistently detected with different microarray platforms?,3,"[""pubmedqa_54829_chunk_0"", ""pubmedqa_54829_chunk_1"", ""pubmedqa_54829_chunk_2""]",0.4386,1.0,0.45,0.8248,0.7092,0.7092,0.8248,0.7554,"{""gt_confidence"": 1.0, ""strategy"": ""weighted_mean"", ""chunks_indexed"": 6}"
pubmedqa_58479,pubmedqa,The Acetabular Fracture Prognostic Nomogram: Does it Work for Fractures of the Posterior Wall?,3,"[""pubmedqa_58479_chunk_0"", ""pubmedqa_58479_chunk_1"", ""pubmedqa_58479_chunk_2""]",0.4386,1.0,0.45,0.8372,0.4682,0.4682,0.8372,0.6158,"{""gt_confidence"": 1.0, ""strategy"": ""weighted_mean"", ""chunks_indexed"": 5}"
pubmedqa_25402,pubmedqa,"Use of aspirin, beta-blockers, and lipid-lowering medications before recurrent acute myocardial infarction: missed opportunities for prevention?",3,"[""pubmedqa_25402_chunk_0"", ""pubmedqa_25402_chunk_1"", ""pubmedqa_25402_chunk_2""]",0.4386,1.0,0.45,0.8873,0.7612,0.7612,0.8873,0.8116,"{""gt_confidence"": 1.0, ""strategy"": ""weighted_mean"", ""chunks_indexed"": 5}"
pubmedqa_54888,pubmedqa,Are pedometers adequate instruments for assessing energy expenditure?,3,"[""pubmedqa_54888_chunk_0"", ""pubmedqa_54888_chunk_1"", ""pubmedqa_54888_chunk_2""]",0.4386,1.0,0.45,0.8403,0.709,0.709,0.8403,0.7615,"{""gt_confidence"": 1.0, ""strategy"": ""weighted_mean"", ""chunks_indexed"": 5}"
pubmedqa_32259,pubmedqa,Is there a role for the 5-degree rule in adolescent idiopathic scoliosis?,3,"[""pubmedqa_32259_chunk_0"", ""pubmedqa_32259_chunk_1"", ""pubmedqa_32259_chunk_2""]",0.4386,1.0,0.45,0.8763,0.6732,0.6732,0.8763,0.7544,"{""gt_confidence"": 1.0, ""strategy"": ""weighted_mean"", ""chunks_indexed"": 5}"
pubmedqa_30995,pubmedqa,DWI in the Etiologic Diagnosis of Excretory Upper Urinary Tract Lesions: Can It Help in Differentiating Benign From Malignant Tumors?,3,"[""pubmedqa_30995_chunk_0"", ""pubmedqa_30995_chunk_1"", ""pubmedqa_30995_chunk_2""]",0.4386,1.0,0.45,0.9022,0.4561,0.4561,0.9022,0.6345,"{""gt_confidence"": 1.0, ""strategy"": ""weighted_mean"", ""chunks_indexed"": 5}"
pubmedqa_21354,pubmedqa,Do transdermal opioids affect the personal socioeconomic costs of healthcare access in an australian rural pain population?,3,"[""pubmedqa_21354_chunk_0"", ""pubmedqa_21354_chunk_1"", ""pubmedqa_21354_chunk_2""]",0.4386,1.0,0.45,0.8335,0.7238,0.7238,0.8335,0.7677,"{""gt_confidence"": 1.0, ""strategy"": ""weighted_mean"", ""chunks_indexed"": 5}"
pubmedqa_24228,pubmedqa,Is there a safe plateau pressure in ARDS?,3,"[""pubmedqa_24228_chunk_0"", ""pubmedqa_24228_chunk_1"", ""pubmedqa_24228_chunk_2""]",0.2924,1.0,0.45,0.8764,0.5952,0.5952,0.8764,0.7077,"{""gt_confidence"": 1.0, ""strategy"": ""weighted_mean"", ""chunks_indexed"": 6}"
pubmedqa_3661,pubmedqa,Does adrenal mass size really affect safety and effectiveness of laparoscopic adrenalectomy?,3,"[""pubmedqa_3661_chunk_0"", ""pubmedqa_3661_chunk_1"", ""pubmedqa_3661_chunk_2""]",0.4386,1.0,0.45,0.921,0.7252,0.7252,0.921,0.8035,"{""gt_confidence"": 1.0, ""strategy"": ""weighted_mean"", ""chunks_indexed"": 5}"
pubmedqa_35972,pubmedqa,Does diving damage the brain?,3,"[""pubmedqa_35972_chunk_0"", ""pubmedqa_35972_chunk_1"", ""pubmedqa_35972_chunk_2""]",0.4386,1.0,0.45,0.8339,0.6631,0.6631,0.8339,0.7314,"{""gt_confidence"": 1.0, ""strategy"": ""weighted_mean"", ""chunks_indexed"": 5}"
pubmedqa_36867,pubmedqa,Screening cervical spine CT in a level I trauma center: overutilization?,3,"[""pubmedqa_36867_chunk_0"", ""pubmedqa_36867_chunk_1"", ""pubmedqa_36867_chunk_2""]",0.2924,1.0,0.45,0.8871,0.6426,0.6426,0.8871,0.7404,"{""gt_confidence"": 1.0, ""strategy"": ""weighted_mean"", ""chunks_indexed"": 5}"
pubmedqa_26341,pubmedqa,Barrett's esophagus and reflux esophagitis: is there a missing link?,3,"[""pubmedqa_26341_chunk_0"", ""pubmedqa_26341_chunk_1"", ""pubmedqa_26341_chunk_2""]",0.4386,1.0,0.45,0.9058,0.7742,0.7742,0.9058,0.8268,"{""gt_confidence"": 1.0, ""strategy"": ""weighted_mean"", ""chunks_indexed"": 5}"
pubmedqa_3901,pubmedqa,Mycobacteria and glutaraldehyde: is high-level disinfection of endoscopes possible?,3,"[""pubmedqa_3901_chunk_0"", ""pubmedqa_3901_chunk_1"", ""pubmedqa_3901_chunk_2""]",0.4386,1.0,0.45,0.8962,0.7323,0.7323,0.8962,0.7979,"{""gt_confidence"": 1.0, ""strategy"": ""weighted_mean"", ""chunks_indexed"": 5}"
pubmedqa_47823,pubmedqa,Cervical laminectomy vs laminoplasty: is there a difference in outcome and postoperative pain?,3,"[""pubmedqa_47823_chunk_0"", ""pubmedqa_47823_chunk_1"", ""pubmedqa_47823_chunk_2""]",0.2924,1.0,0.45,0.902,0.6296,0.6296,0.902,0.7386,"{""gt_confidence"": 1.0, ""strategy"": ""weighted_mean"", ""chunks_indexed"": 5}"
pubmedqa_38306,pubmedqa,Can a urinary tract symptom score predict the development of postoperative urinary retention in patients undergoing lower limb arthroplasty under spinal anaesthesia?,3,"[""pubmedqa_38306_chunk_0"", ""pubmedqa_38306_chunk_1"", ""pubmedqa_38306_chunk_2""]",0.4386,1.0,0.45,0.8316,0.7568,0.7568,0.8316,0.7867,"{""gt_confidence"": 1.0, ""strategy"": ""weighted_mean"", ""chunks_indexed"": 5}"
pubmedqa_56040,pubmedqa,Impact of nosocomial infections in trauma: does age make a difference?,3,"[""pubmedqa_56040_chunk_0"", ""pubmedqa_56040_chunk_1"", ""pubmedqa_56040_chunk_2""]",0.4386,1.0,0.45,0.8883,0.7554,0.7554,0.8883,0.8086,"{""gt_confidence"": 1.0, ""strategy"": ""weighted_mean"", ""chunks_indexed"": 5}"
pubmedqa_33013,pubmedqa,Growth in early life and the development of obesity by age 9 years: are there critical periods and a role for an early life stressor?,3,"[""pubmedqa_33013_chunk_0"", ""pubmedqa_33013_chunk_1"", ""pubmedqa_33013_chunk_2""]",0.4386,1.0,0.45,0.9078,0.7272,0.7272,0.9078,0.7994,"{""gt_confidence"": 1.0, ""strategy"": ""weighted_mean"", ""chunks_indexed"": 5}"
pubmedqa_48607,pubmedqa,Does social disadvantage over the life-course account for alcohol and tobacco use in Irish people?,3,"[""pubmedqa_48607_chunk_0"", ""pubmedqa_48607_chunk_1"", ""pubmedqa_48607_chunk_2""]",0.4386,1.0,0.45,0.8272,0.6829,0.6829,0.8272,0.7406,"{""gt_confidence"": 1.0, ""strategy"": ""weighted_mean"", ""chunks_indexed"": 5}"
pubmedqa_59147,pubmedqa,Is the technique used to collect urine important in avoiding contamination of samples?,3,"[""pubmedqa_59147_chunk_0"", ""pubmedqa_59147_chunk_1"", ""pubmedqa_59147_chunk_2""]",0.4386,1.0,0.45,0.8353,0.6751,0.6751,0.8353,0.7392,"{""gt_confidence"": 1.0, ""strategy"": ""weighted_mean"", ""chunks_indexed"": 5}"
pubmedqa_11201,pubmedqa,Preeclampsia and cardiovascular disease risk assessment - Do arterial stiffness and atherosclerosis uncover increased risk ten years after delivery?,3,"[""pubmedqa_11201_chunk_0"", ""pubmedqa_11201_chunk_1"", ""pubmedqa_11201_chunk_2""]",0.4386,1.0,0.45,0.9089,0.7297,0.7297,0.9089,0.8014,"{""gt_confidence"": 1.0, ""strategy"": ""weighted_mean"", ""chunks_indexed"": 5}"
pubmedqa_51380,pubmedqa,Saline instillation sonohysterography test after normal baseline transvaginal sonography results in infertility patients. Is it justified?,3,"[""pubmedqa_51380_chunk_0"", ""pubmedqa_51380_chunk_1"", ""pubmedqa_51380_chunk_2""]",0.2924,1.0,0.45,0.8591,0.7163,0.7163,0.8591,0.7734,"{""gt_confidence"": 1.0, ""strategy"": ""weighted_mean"", ""chunks_indexed"": 5}"
pubmedqa_11993,pubmedqa,Clinical relevance of pretransplant anti-HLA donor-specific antibodies: does C1q-fixation matter?,3,"[""pubmedqa_11993_chunk_0"", ""pubmedqa_11993_chunk_1"", ""pubmedqa_11993_chunk_2""]",0.2924,1.0,0.45,0.8756,0.6899,0.6899,0.8756,0.7642,"{""gt_confidence"": 1.0, ""strategy"": ""weighted_mean"", ""chunks_indexed"": 5}"
pubmedqa_33181,pubmedqa,Disturbed sleep and preterm birth: a potential relationship?,3,"[""pubmedqa_33181_chunk_0"", ""pubmedqa_33181_chunk_1"", ""pubmedqa_33181_chunk_2""]",0.4386,1.0,0.45,0.8716,0.7032,0.7032,0.8716,0.7706,"{""gt_confidence"": 1.0, ""strategy"": ""weighted_mean"", ""chunks_indexed"": 5}"
pubmedqa_6550,pubmedqa,Do we really need radiographic assessment for the diagnosis of non-specific heel pain (calcaneal apophysitis) in children?,3,"[""pubmedqa_6550_chunk_0"", ""pubmedqa_6550_chunk_1"", ""pubmedqa_6550_chunk_2""]",0.4386,1.0,0.45,0.9419,0.7635,0.7635,0.9419,0.8349,"{""gt_confidence"": 1.0, ""strategy"": ""weighted_mean"", ""chunks_indexed"": 5}"
pubmedqa_15413,pubmedqa,Is stabilization of disease a useful indicator for survival in second-line treatment of ovarian carcinoma pre-treated with Paclitaxel-Platinum?,3,"[""pubmedqa_15413_chunk_0"", ""pubmedqa_15413_chunk_1"", ""pubmedqa_15413_chunk_2""]",0.4386,1.0,0.45,0.8985,0.7135,0.7135,0.8985,0.7875,"{""gt_confidence"": 1.0, ""strategy"": ""weighted_mean"", ""chunks_indexed"": 5}"
pubmedqa_52654,pubmedqa,Does systematically organized care improve outcomes for women with diabetes?,3,"[""pubmedqa_52654_chunk_0"", ""pubmedqa_52654_chunk_1"", ""pubmedqa_52654_chunk_2""]",0.4386,1.0,0.45,0.8651,0.6822,0.6822,0.8651,0.7554,"{""gt_confidence"": 1.0, ""strategy"": ""weighted_mean"", ""chunks_indexed"": 5}"
pubmedqa_49000,pubmedqa,Is complete androgen insensitivity syndrome associated with alterations in the meibomian gland and ocular surface?,3,"[""pubmedqa_49000_chunk_0"", ""pubmedqa_49000_chunk_1"", ""pubmedqa_49000_chunk_2""]",0.4386,1.0,0.45,0.8938,0.758,0.758,0.8938,0.8123,"{""gt_confidence"": 1.0, ""strategy"": ""weighted_mean"", ""chunks_indexed"": 5}"
pubmedqa_40227,pubmedqa,Are anonymous evaluations a better assessment of faculty teaching performance?,3,"[""pubmedqa_40227_chunk_0"", ""pubmedqa_40227_chunk_1"", ""pubmedqa_40227_chunk_2""]",0.4386,1.0,0.45,0.9345,0.6779,0.6779,0.9345,0.7805,"{""gt_confidence"": 1.0, ""strategy"": ""weighted_mean"", ""chunks_indexed"": 5}"
pubmedqa_8970,pubmedqa,Can Swedish interactive thresholding algorithm fast perimetry be used as an alternative to goldmann perimetry in neuro-ophthalmic practice?,3,"[""pubmedqa_8970_chunk_0"", ""pubmedqa_8970_chunk_1"", ""pubmedqa_8970_chunk_2""]",0.4386,1.0,0.45,0.8584,0.6678,0.6678,0.8584,0.744,"{""gt_confidence"": 1.0, ""strategy"": ""weighted_mean"", ""chunks_indexed"": 5}"
pubmedqa_60865,pubmedqa,Can breast cancer molecular subtype help to select patients for preoperative MR imaging?,3,"[""pubmedqa_60865_chunk_0"", ""pubmedqa_60865_chunk_1"", ""pubmedqa_60865_chunk_2""]",0.4386,1.0,0.45,0.8835,0.769,0.769,0.8835,0.8148,"{""gt_confidence"": 1.0, ""strategy"": ""weighted_mean"", ""chunks_indexed"": 6}"
pubmedqa_36944,pubmedqa,Are videoconferenced consultations as effective as face-to-face consultations for hereditary breast and ovarian cancer genetic counseling?,3,"[""pubmedqa_36944_chunk_0"", ""pubmedqa_36944_chunk_1"", ""pubmedqa_36944_chunk_2""]",0.2924,1.0,0.45,0.876,0.6827,0.6827,0.876,0.76,"{""gt_confidence"": 1.0, ""strategy"": ""weighted_mean"", ""chunks_indexed"": 5}"
pubmedqa_12661,pubmedqa,Is Blu-tack as effective at attenuating sound as over-the-counter ear plugs?,3,"[""pubmedqa_12661_chunk_0"", ""pubmedqa_12661_chunk_1"", ""pubmedqa_12661_chunk_2""]",0.4386,1.0,0.45,0.8958,0.7731,0.7731,0.8958,0.8222,"{""gt_confidence"": 1.0, ""strategy"": ""weighted_mean"", ""chunks_indexed"": 5}"
pubmedqa_32491,pubmedqa,Do spectral bands of fetal heart rate variability associate with concomitant fetal scalp pH?,3,"[""pubmedqa_32491_chunk_0"", ""pubmedqa_32491_chunk_1"", ""pubmedqa_32491_chunk_2""]",0.4386,1.0,0.45,0.9012,0.7365,0.7365,0.9012,0.8024,"{""gt_confidence"": 1.0, ""strategy"": ""weighted_mean"", ""chunks_indexed"": 5}"
pubmedqa_58563,pubmedqa,Is ischemia modified albumin a disease activity marker for inflammatory bowel diseases?,3,"[""pubmedqa_58563_chunk_0"", ""pubmedqa_58563_chunk_1"", ""pubmedqa_58563_chunk_2""]",0.4386,1.0,0.45,0.839,0.7621,0.7621,0.839,0.7929,"{""gt_confidence"": 1.0, ""strategy"": ""weighted_mean"", ""chunks_indexed"": 5}"
pubmedqa_1,pubmedqa,Can randomised trials rely on existing electronic data?,3,"[""pubmedqa_1_chunk_0"", ""pubmedqa_1_chunk_1"", ""pubmedqa_1_chunk_2""]",0.4386,1.0,0.45,0.8422,0.6653,0.6653,0.8422,0.7361,"{""gt_confidence"": 1.0, ""strategy"": ""weighted_mean"", ""chunks_indexed"": 6}"
pubmedqa_60056,pubmedqa,Is serum cystatin-C a reliable marker for metabolic syndrome?,3,"[""pubmedqa_60056_chunk_0"", ""pubmedqa_60056_chunk_1"", ""pubmedqa_60056_chunk_2""]",0.4386,1.0,0.45,0.8992,0.7303,0.7303,0.8992,0.7979,"{""gt_confidence"": 1.0, ""strategy"": ""weighted_mean"", ""chunks_indexed"": 5}"
pubmedqa_3626,pubmedqa,Common mental disorder symptom counts in populations: are there distinct case groups above epidemiological cut-offs?,3,"[""pubmedqa_3626_chunk_0"", ""pubmedqa_3626_chunk_1"", ""pubmedqa_3626_chunk_2""]",0.4386,1.0,0.45,0.8695,0.7358,0.7358,0.8695,0.7893,"{""gt_confidence"": 1.0, ""strategy"": ""weighted_mean"", ""chunks_indexed"": 5}"
pubmedqa_36666,pubmedqa,Persistent vegetative state in Alzheimer disease. Does it exist?,3,"[""pubmedqa_36666_chunk_0"", ""pubmedqa_36666_chunk_1"", ""pubmedqa_36666_chunk_2""]",0.4386,1.0,0.45,0.8221,0.6919,0.6919,0.8221,0.744,"{""gt_confidence"": 1.0, ""strategy"": ""weighted_mean"", ""chunks_indexed"": 5}"
pubmedqa_6308,pubmedqa,The Chitranjan Ranawat Award: Should prophylactic antibiotics be withheld before revision surgery to obtain appropriate cultures?,3,"[""pubmedqa_6308_chunk_0"", ""pubmedqa_6308_chunk_1"", ""pubmedqa_6308_chunk_2""]",0.4386,1.0,0.45,0.8756,0.7554,0.7554,0.8756,0.8035,"{""gt_confidence"": 1.0, ""strategy"": ""weighted_mean"", ""chunks_indexed"": 6}"
pubmedqa_52880,pubmedqa,Moderate Hypofractionated Protracted Radiation Therapy and Dose Escalation for Prostate Cancer: Do Dose and Overall Treatment Time Matter?,3,"[""pubmedqa_52880_chunk_0"", ""pubmedqa_52880_chunk_1"", ""pubmedqa_52880_chunk_2""]",0.4386,1.0,0.45,0.8821,0.3937,0.3937,0.8821,0.5891,"{""gt_confidence"": 1.0, ""strategy"": ""weighted_mean"", ""chunks_indexed"": 5}"
pubmedqa_56539,pubmedqa,Pigmentation: selective photothermolysis or non-specific skin necrosis using different intense pulsed light systems?,3,"[""pubmedqa_56539_chunk_0"", ""pubmedqa_56539_chunk_1"", ""pubmedqa_56539_chunk_2""]",0.4386,1.0,0.45,0.8764,0.6243,0.6243,0.8764,0.7251,"{""gt_confidence"": 1.0, ""strategy"": ""weighted_mean"", ""chunks_indexed"": 5}"
pubmedqa_32850,pubmedqa,Is the ABCD score useful for risk stratification of patients with acute transient ischemic attack?,3,"[""pubmedqa_32850_chunk_0"", ""pubmedqa_32850_chunk_1"", ""pubmedqa_32850_chunk_2""]",0.4386,1.0,0.45,0.9091,0.7611,0.7611,0.9091,0.8203,"{""gt_confidence"": 1.0, ""strategy"": ""weighted_mean"", ""chunks_indexed"": 5}"
pubmedqa_51294,pubmedqa,"Do patients with suspected heart failure and preserved left ventricular systolic function suffer from ""diastolic heart failure"" or from misdiagnosis?",3,"[""pubmedqa_51294_chunk_0"", ""pubmedqa_51294_chunk_1"", ""pubmedqa_51294_chunk_2""]",0.4386,1.0,0.45,0.9265,0.7837,0.7837,0.9265,0.8408,"{""gt_confidence"": 1.0, ""strategy"": ""weighted_mean"", ""chunks_indexed"": 5}"
pubmedqa_35031,pubmedqa,"PRIMARY HYPERPARATHYROIDISM, WITH A FOCUS ON MANAGEMENT OF THE NORMOCALCEMIC FORM: TO TREAT OR NOT TO TREAT?",3,"[""pubmedqa_35031_chunk_0"", ""pubmedqa_35031_chunk_1"", ""pubmedqa_35031_chunk_2""]",0.2924,1.0,0.45,0.8698,0.4947,0.4947,0.8698,0.6447,"{""gt_confidence"": 1.0, ""strategy"": ""weighted_mean"", ""chunks_indexed"": 5}"
pubmedqa_33162,pubmedqa,Is portal hypertension a contraindication to hepatic resection?,3,"[""pubmedqa_33162_chunk_0"", ""pubmedqa_33162_chunk_1"", ""pubmedqa_33162_chunk_2""]",0.4386,1.0,0.45,0.9054,0.735,0.735,0.9054,0.8032,"{""gt_confidence"": 1.0, ""strategy"": ""weighted_mean"", ""chunks_indexed"": 5}"
pubmedqa_4851,pubmedqa,Active surveillance failure for prostate cancer:  does the delay in treatment increase the risk of urinary incontinence?,3,"[""pubmedqa_4851_chunk_0"", ""pubmedqa_4851_chunk_1"", ""pubmedqa_4851_chunk_2""]",0.4386,1.0,0.45,0.8776,0.7437,0.7437,0.8776,0.7973,"{""gt_confidence"": 1.0, ""strategy"": ""weighted_mean"", ""chunks_indexed"": 5}"
pubmedqa_32691,pubmedqa,Does the presence of heart failure alter prescribing of drug therapy after myocardial infarction?,3,"[""pubmedqa_32691_chunk_0"", ""pubmedqa_32691_chunk_1"", ""pubmedqa_32691_chunk_2""]",0.4386,1.0,0.45,0.893,0.7491,0.7491,0.893,0.8067,"{""gt_confidence"": 1.0, ""strategy"": ""weighted_mean"", ""chunks_indexed"": 5}"
pubmedqa_7580,pubmedqa,Are entry criteria for cataract surgery justified?,3,"[""pubmedqa_7580_chunk_0"", ""pubmedqa_7580_chunk_1"", ""pubmedqa_7580_chunk_2""]",0.4386,1.0,0.45,0.8479,0.7535,0.7535,0.8479,0.7913,"{""gt_confidence"": 1.0, ""strategy"": ""weighted_mean"", ""chunks_indexed"": 5}"
pubmedqa_14561,pubmedqa,Right versus left stapes surgery: is there a difference?,3,"[""pubmedqa_14561_chunk_0"", ""pubmedqa_14561_chunk_1"", ""pubmedqa_14561_chunk_2""]",0.4386,1.0,0.45,0.8733,0.7056,0.7056,0.8733,0.7727,"{""gt_confidence"": 1.0, ""strategy"": ""weighted_mean"", ""chunks_indexed"": 5}"
pubmedqa_38013,pubmedqa,"""Can you send an ambulance please?",3,"[""pubmedqa_38013_chunk_0"", ""pubmedqa_38013_chunk_1"", ""pubmedqa_38013_chunk_2""]",0.4386,1.0,0.45,0.7866,0.6633,0.6633,0.7866,0.7126,"{""gt_confidence"": 1.0, ""strategy"": ""weighted_mean"", ""chunks_indexed"": 5}"
pubmedqa_27228,pubmedqa,Sublingual gland resection in squamous cell carcinoma of the floor of mouth: is it necessary?,3,"[""pubmedqa_27228_chunk_0"", ""pubmedqa_27228_chunk_1"", ""pubmedqa_27228_chunk_2""]",0.4386,1.0,0.45,0.8974,0.678,0.678,0.8974,0.7658,"{""gt_confidence"": 1.0, ""strategy"": ""weighted_mean"", ""chunks_indexed"": 5}"
5a732ab25542991f29ee2d25,hotpotqa,"In what school district is Governor John R. Rogers High School, named after John Rankin Rogers, located?",3,"[""5a732ab25542991f29ee2d25_chunk_0"", ""5a732ab25542991f29ee2d25_chunk_1"", ""5a732ab25542991f29ee2d25_chunk_2""]",0.1462,1.0,0.45,0.9257,0.6049,0.6049,0.9257,0.7332,"{""gt_confidence"": 1.0, ""strategy"": ""weighted_mean"", ""chunks_indexed"": 4}"
5abf8e135542990832d3a14f,hotpotqa,whiich Australian racing driver won the 44-lap race for the Red Bull Racing team?,3,"[""5abf8e135542990832d3a14f_chunk_0"", ""5abf8e135542990832d3a14f_chunk_1"", ""5abf8e135542990832d3a14f_chunk_2""]",0.1462,1.0,0.45,0.8694,0.6119,0.6119,0.8694,0.7149,"{""gt_confidence"": 1.0, ""strategy"": ""weighted_mean"", ""chunks_indexed"": 5}"
5a89bbb05542992e4fca83a3,hotpotqa,What star of Parks and Recreation appeared in November?,3,"[""5a89bbb05542992e4fca83a3_chunk_0"", ""5a89bbb05542992e4fca83a3_chunk_1"", ""5a89bbb05542992e4fca83a3_chunk_2""]",0.0,1.0,0.45,0.7824,0.6313,0.6313,0.7824,0.6917,"{""gt_confidence"": 1.0, ""strategy"": ""weighted_mean"", ""chunks_indexed"": 4}"
5ab56f3e5542992aa134a317,hotpotqa,"Which genus of flowering plant is found in an environment further south, Crocosmia or Cimicifuga?",3,"[""5ab56f3e5542992aa134a317_chunk_0"", ""5ab56f3e5542992aa134a317_chunk_1"", ""5ab56f3e5542992aa134a317_chunk_2""]",0.4386,1.0,0.45,0.9319,0.6962,0.6962,0.9319,0.7905,"{""gt_confidence"": 1.0, ""strategy"": ""weighted_mean"", ""chunks_indexed"": 4}"
5ac195455542991316484b40,hotpotqa,"In what year did the man who shot the Chris Stockley, of The Dingoes, die?",3,"[""5ac195455542991316484b40_chunk_0"", ""5ac195455542991316484b40_chunk_1"", ""5ac195455542991316484b40_chunk_2""]",0.1462,1.0,0.45,0.7379,0.6179,0.6179,0.7379,0.6659,"{""gt_confidence"": 1.0, ""strategy"": ""weighted_mean"", ""chunks_indexed"": 5}"
5a80a587554299485f598676,hotpotqa,Are both American bands The Four Seasons and Local H popular around the Beatles were around?,3,"[""5a80a587554299485f598676_chunk_0"", ""5a80a587554299485f598676_chunk_1"", ""5a80a587554299485f598676_chunk_2""]",0.1462,1.0,0.45,0.8423,0.5667,0.5667,0.8423,0.6769,"{""gt_confidence"": 1.0, ""strategy"": ""weighted_mean"", ""chunks_indexed"": 4}"
5ab3d2b7554299233954ffb8,hotpotqa,The king deposed in the Glorious Revolution of 1688 was supported by the grandson of what Viscount Barnewall?,3,"[""5ab3d2b7554299233954ffb8_chunk_0"", ""5ab3d2b7554299233954ffb8_chunk_1"", ""5ab3d2b7554299233954ffb8_chunk_2""]",0.4386,1.0,0.45,0.8479,0.6456,0.6456,0.8479,0.7265,"{""gt_confidence"": 1.0, ""strategy"": ""weighted_mean"", ""chunks_indexed"": 5}"
5ae7313c5542991e8301cbbc,hotpotqa, No. 3 Elementary Flying Training School RAAF operated at an Airport during World War 2 that is closest to Which city center in Australia?,3,"[""5ae7313c5542991e8301cbbc_chunk_0"", ""5ae7313c5542991e8301cbbc_chunk_1"", ""5ae7313c5542991e8301cbbc_chunk_2""]",0.0,1.0,0.45,0.8425,0.454,0.454,0.8425,0.6094,"{""gt_confidence"": 1.0, ""strategy"": ""weighted_mean"", ""chunks_indexed"": 4}"
5a761e855542994ccc9186e0,hotpotqa,Where are Catcha Lake and Hedley Mascot Mine located?,3,"[""5a761e855542994ccc9186e0_chunk_0"", ""5a761e855542994ccc9186e0_chunk_1"", ""5a761e855542994ccc9186e0_chunk_2""]",0.1462,1.0,0.45,0.7971,0.5451,0.5451,0.7971,0.6459,"{""gt_confidence"": 1.0, ""strategy"": ""weighted_mean"", ""chunks_indexed"": 4}"
5ab1ec725542993be8fa9883,hotpotqa,"Who has lived longer in the USA, Ulli Lommel or Benjamin Stoloff?",3,"[""5ab1ec725542993be8fa9883_chunk_0"", ""5ab1ec725542993be8fa9883_chunk_1"", ""5ab1ec725542993be8fa9883_chunk_2""]",0.1462,1.0,0.45,0.8286,0.5586,0.5586,0.8286,0.6666,"{""gt_confidence"": 1.0, ""strategy"": ""weighted_mean"", ""chunks_indexed"": 4}"
5a7652435542992d0ec060a5,hotpotqa,"Who was the first Russian composer to make a lasting impression internationally, Alessandro Scarlatti or Pyotr Ilyich Tchaikovsky?",3,"[""5a7652435542992d0ec060a5_chunk_0"", ""5a7652435542992d0ec060a5_chunk_1"", ""5a7652435542992d0ec060a5_chunk_2""]",0.4386,1.0,0.45,0.8886,0.6333,0.6333,0.8886,0.7354,"{""gt_confidence"": 1.0, ""strategy"": ""weighted_mean"", ""chunks_indexed"": 4}"
5ae7473f5542991bbc9761d2,hotpotqa,What is the estimated population of the city in which the suburb of Beaumont is located ?,3,"[""5ae7473f5542991bbc9761d2_chunk_0"", ""5ae7473f5542991bbc9761d2_chunk_1"", ""5ae7473f5542991bbc9761d2_chunk_2""]",0.2924,1.0,0.45,0.8954,0.6466,0.6466,0.8954,0.7461,"{""gt_confidence"": 1.0, ""strategy"": ""weighted_mean"", ""chunks_indexed"": 4}"
5ae60530554299546bf8301e,hotpotqa,"Horace Brindley played for what professional association football club that is based in the seaside town of Blackpool, Lancashire, England?",3,"[""5ae60530554299546bf8301e_chunk_0"", ""5ae60530554299546bf8301e_chunk_1"", ""5ae60530554299546bf8301e_chunk_2""]",0.0,1.0,0.45,0.8809,0.6872,0.6872,0.8809,0.7647,"{""gt_confidence"": 1.0, ""strategy"": ""weighted_mean"", ""chunks_indexed"": 4}"
5a78b386554299148911f949,hotpotqa,What book did the president and CEO of Tracinda Corporation buy?,3,"[""5a78b386554299148911f949_chunk_0"", ""5a78b386554299148911f949_chunk_1"", ""5a78b386554299148911f949_chunk_2""]",0.1462,1.0,0.45,0.8436,0.6514,0.6514,0.8436,0.7283,"{""gt_confidence"": 1.0, ""strategy"": ""weighted_mean"", ""chunks_indexed"": 4}"
5ae7e8b855429952e35ea9dd,hotpotqa,"What single was released by a American country singer, songwriter and multi-instrumentalist on MCA Nashville in 2000?",3,"[""5ae7e8b855429952e35ea9dd_chunk_0"", ""5ae7e8b855429952e35ea9dd_chunk_1"", ""5ae7e8b855429952e35ea9dd_chunk_2""]",0.0,1.0,0.45,0.8951,0.6631,0.6631,0.8951,0.7559,"{""gt_confidence"": 1.0, ""strategy"": ""weighted_mean"", ""chunks_indexed"": 4}"
5ab465095542991751b4d75a,hotpotqa,During which period the sedan variant of the Volvo V50 car was manufactured?,3,"[""5ab465095542991751b4d75a_chunk_0"", ""5ab465095542991751b4d75a_chunk_1"", ""5ab465095542991751b4d75a_chunk_2""]",0.1462,1.0,0.45,0.8685,0.7542,0.7542,0.8685,0.7999,"{""gt_confidence"": 1.0, ""strategy"": ""weighted_mean"", ""chunks_indexed"": 4}"
5a8835dc5542994846c1ce2b,hotpotqa,Who is a winner of the 2013 6 Hours of Silverstone a co-commentator for?,3,"[""5a8835dc5542994846c1ce2b_chunk_0"", ""5a8835dc5542994846c1ce2b_chunk_1"", ""5a8835dc5542994846c1ce2b_chunk_2""]",0.0,1.0,0.45,0.889,0.6311,0.6311,0.889,0.7343,"{""gt_confidence"": 1.0, ""strategy"": ""weighted_mean"", ""chunks_indexed"": 4}"
5a8778d25542994846c1cd89,hotpotqa,Has Stefan Edberg won more events than  Édouard Roger-Vasselin?,3,"[""5a8778d25542994846c1cd89_chunk_0"", ""5a8778d25542994846c1cd89_chunk_1"", ""5a8778d25542994846c1cd89_chunk_2""]",0.2924,1.0,0.45,0.8287,0.5754,0.5754,0.8287,0.6767,"{""gt_confidence"": 1.0, ""strategy"": ""weighted_mean"", ""chunks_indexed"": 4}"
5ae7ad385542993210983ef0,hotpotqa,Which guitarist that played on the LP Street Survivors and was a member of an American Southern Rock band from May 1976 until his death Oct 1977?,3,"[""5ae7ad385542993210983ef0_chunk_0"", ""5ae7ad385542993210983ef0_chunk_1"", ""5ae7ad385542993210983ef0_chunk_2""]",0.0,1.0,0.45,0.8889,0.6674,0.6674,0.8889,0.756,"{""gt_confidence"": 1.0, ""strategy"": ""weighted_mean"", ""chunks_indexed"": 4}"
5a8482e55542997175ce1edc,hotpotqa,Are Trent Edwards and Lucy Saroyan both football players?,3,"[""5a8482e55542997175ce1edc_chunk_0"", ""5a8482e55542997175ce1edc_chunk_1"", ""5a8482e55542997175ce1edc_chunk_2""]",0.0,1.0,0.45,0.7408,0.5394,0.5394,0.7408,0.62,"{""gt_confidence"": 1.0, ""strategy"": ""weighted_mean"", ""chunks_indexed"": 4}"
5a727ca45542994cef4bc2d8,hotpotqa,What is Old Orchard Shopping Center currently called?,3,"[""5a727ca45542994cef4bc2d8_chunk_0"", ""5a727ca45542994cef4bc2d8_chunk_1"", ""5a727ca45542994cef4bc2d8_chunk_2""]",0.4386,1.0,0.45,0.806,0.5109,0.5109,0.806,0.6289,"{""gt_confidence"": 1.0, ""strategy"": ""weighted_mean"", ""chunks_indexed"": 4}"
5a8fb0be5542997ba9cb32ed,hotpotqa,"What was the previous name of the hotel Bill Cosby recorded his comedy album, For Adults Only, in?",3,"[""5a8fb0be5542997ba9cb32ed_chunk_0"", ""5a8fb0be5542997ba9cb32ed_chunk_1"", ""5a8fb0be5542997ba9cb32ed_chunk_2""]",0.0,1.0,0.45,0.8854,0.6269,0.6269,0.8854,0.7303,"{""gt_confidence"": 1.0, ""strategy"": ""weighted_mean"", ""chunks_indexed"": 4}"
5addda9b5542992200553b5b,hotpotqa,"What was the island, on which Marinelli Glacier is located, formerly known as?",3,"[""5addda9b5542992200553b5b_chunk_0"", ""5addda9b5542992200553b5b_chunk_1"", ""5addda9b5542992200553b5b_chunk_2""]",0.2924,1.0,0.45,0.8197,0.6207,0.6207,0.8197,0.7003,"{""gt_confidence"": 1.0, ""strategy"": ""weighted_mean"", ""chunks_indexed"": 4}"
5a8901a2554299515336125a,hotpotqa,Ghostkeeper's plot is inspired by a legend that lends its name to what type of medical condition?,3,"[""5a8901a2554299515336125a_chunk_0"", ""5a8901a2554299515336125a_chunk_1"", ""5a8901a2554299515336125a_chunk_2""]",0.2924,1.0,0.45,0.6966,0.6075,0.6075,0.6966,0.6431,"{""gt_confidence"": 1.0, ""strategy"": ""weighted_mean"", ""chunks_indexed"": 5}"
5a8f1adc554299458435d577,hotpotqa, John DiMaggio voices the character Shnitzel on Cartoon Network series created by who?,3,"[""5a8f1adc554299458435d577_chunk_0"", ""5a8f1adc554299458435d577_chunk_1"", ""5a8f1adc554299458435d577_chunk_2""]",0.1462,1.0,0.45,0.8619,0.6461,0.6461,0.8619,0.7324,"{""gt_confidence"": 1.0, ""strategy"": ""weighted_mean"", ""chunks_indexed"": 4}"
5a8de4595542995085b37348,hotpotqa,What is the prefix given to the end of the name to avoid confusion for the winner of the 1996 Record of the Year Grammy?,3,"[""5a8de4595542995085b37348_chunk_0"", ""5a8de4595542995085b37348_chunk_1"", ""5a8de4595542995085b37348_chunk_2""]",0.0,1.0,0.45,0.7134,0.5855,0.5855,0.7134,0.6367,"{""gt_confidence"": 1.0, ""strategy"": ""weighted_mean"", ""chunks_indexed"": 4}"
5a7793275542992a6e59df04,hotpotqa,Which country is the firm that owns Babycham located?,3,"[""5a7793275542992a6e59df04_chunk_0"", ""5a7793275542992a6e59df04_chunk_1"", ""5a7793275542992a6e59df04_chunk_2""]",0.4386,1.0,0.45,0.8318,0.6232,0.6232,0.8318,0.7066,"{""gt_confidence"": 1.0, ""strategy"": ""weighted_mean"", ""chunks_indexed"": 4}"
5ab808ea5542991d3222380e,hotpotqa,"What is the capacity of the Stadium, other than Kauffman Stadium, designed by Charles Deaton ? ",3,"[""5ab808ea5542991d3222380e_chunk_0"", ""5ab808ea5542991d3222380e_chunk_1"", ""5ab808ea5542991d3222380e_chunk_2""]",0.0,1.0,0.45,0.8229,0.5514,0.5514,0.8229,0.66,"{""gt_confidence"": 1.0, ""strategy"": ""weighted_mean"", ""chunks_indexed"": 4}"
5a79186f55429907847277af,hotpotqa,Where is stadium that was named after Rodney Cline Carew?,3,"[""5a79186f55429907847277af_chunk_0"", ""5a79186f55429907847277af_chunk_1"", ""5a79186f55429907847277af_chunk_2""]",0.0,1.0,0.45,0.8064,0.6111,0.6111,0.8064,0.6892,"{""gt_confidence"": 1.0, ""strategy"": ""weighted_mean"", ""chunks_indexed"": 4}"
5ae00b9f554299025d62a3c3,hotpotqa,What former Los Angeles Lakers majority owner is the father of Jeanie Marie Buss?,3,"[""5ae00b9f554299025d62a3c3_chunk_0"", ""5ae00b9f554299025d62a3c3_chunk_1"", ""5ae00b9f554299025d62a3c3_chunk_2""]",0.0,1.0,0.45,0.9123,0.6267,0.6267,0.9123,0.7409,"{""gt_confidence"": 1.0, ""strategy"": ""weighted_mean"", ""chunks_indexed"": 5}"
5abb2a5f5542996cc5e49fca,hotpotqa,What is the name of the hotel on the Upper West Side of New York City that housed a gay bathhouse?,3,"[""5abb2a5f5542996cc5e49fca_chunk_0"", ""5abb2a5f5542996cc5e49fca_chunk_1"", ""5abb2a5f5542996cc5e49fca_chunk_2""]",0.0,1.0,0.45,0.8003,0.6296,0.6296,0.8003,0.6979,"{""gt_confidence"": 1.0, ""strategy"": ""weighted_mean"", ""chunks_indexed"": 4}"
5a7a06485542990198eaf04e,hotpotqa,When was the actor who plays Marius Josipovic in Sneaky Pete born?,3,"[""5a7a06485542990198eaf04e_chunk_0"", ""5a7a06485542990198eaf04e_chunk_1"", ""5a7a06485542990198eaf04e_chunk_2""]",0.0,1.0,0.45,0.7797,0.7027,0.7027,0.7797,0.7335,"{""gt_confidence"": 1.0, ""strategy"": ""weighted_mean"", ""chunks_indexed"": 5}"
5a8b3fe85542995d1e6f1323,hotpotqa,"Who owns an English evening newspaper based in Blackpool, Lancashire?",3,"[""5a8b3fe85542995d1e6f1323_chunk_0"", ""5a8b3fe85542995d1e6f1323_chunk_1"", ""5a8b3fe85542995d1e6f1323_chunk_2""]",0.2924,1.0,0.45,0.8988,0.7331,0.7331,0.8988,0.7994,"{""gt_confidence"": 1.0, ""strategy"": ""weighted_mean"", ""chunks_indexed"": 4}"
5a7c47c35542990527d55481,hotpotqa,"In the 1970s, which group acquired this department store group in the United Kingdom whose co-founding director is the father of Lieutenant Colonel Donald Swain Lewis?",3,"[""5a7c47c35542990527d55481_chunk_0"", ""5a7c47c35542990527d55481_chunk_1"", ""5a7c47c35542990527d55481_chunk_2""]",0.1462,1.0,0.45,0.7951,0.5604,0.5604,0.7951,0.6543,"{""gt_confidence"": 1.0, ""strategy"": ""weighted_mean"", ""chunks_indexed"": 4}"
5a78eea555429970f5fffddf,hotpotqa,Q: Who was born first Richard Boleslawski or Herschell Gordon Lewis?,3,"[""5a78eea555429970f5fffddf_chunk_0"", ""5a78eea555429970f5fffddf_chunk_1"", ""5a78eea555429970f5fffddf_chunk_2""]",0.0,1.0,0.45,0.8267,0.5317,0.5317,0.8267,0.6497,"{""gt_confidence"": 1.0, ""strategy"": ""weighted_mean"", ""chunks_indexed"": 4}"
5a7b8749554299294a54a9db,hotpotqa,"Which author has won more Pulitzer Prizes, Thomas Friedman or Henri Bergson?",3,"[""5a7b8749554299294a54a9db_chunk_0"", ""5a7b8749554299294a54a9db_chunk_1"", ""5a7b8749554299294a54a9db_chunk_2""]",0.0,1.0,0.45,0.7951,0.6661,0.6661,0.7951,0.7177,"{""gt_confidence"": 1.0, ""strategy"": ""weighted_mean"", ""chunks_indexed"": 6}"
5a7a69365542996c55b2dd9b,hotpotqa,Which film was Shannyn Sossamon in that was directed by Michael Lehmann?,3,"[""5a7a69365542996c55b2dd9b_chunk_0"", ""5a7a69365542996c55b2dd9b_chunk_1"", ""5a7a69365542996c55b2dd9b_chunk_2""]",0.0,1.0,0.45,0.8503,0.6504,0.6504,0.8503,0.7304,"{""gt_confidence"": 1.0, ""strategy"": ""weighted_mean"", ""chunks_indexed"": 4}"
5a8ec02e5542995a26add501,hotpotqa,Which American sketch comedy television series starring John C. Reilly was produced by Abso Lutely Productions?,3,"[""5a8ec02e5542995a26add501_chunk_0"", ""5a8ec02e5542995a26add501_chunk_1"", ""5a8ec02e5542995a26add501_chunk_2""]",0.1462,1.0,0.45,0.8458,0.631,0.631,0.8458,0.7169,"{""gt_confidence"": 1.0, ""strategy"": ""weighted_mean"", ""chunks_indexed"": 4}"
5a77aa8655429949eeb29f22,hotpotqa,"What cast member of Flashbacks of a Fool was educated at Bryanston School in Blandford, Dorset?",3,"[""5a77aa8655429949eeb29f22_chunk_0"", ""5a77aa8655429949eeb29f22_chunk_1"", ""5a77aa8655429949eeb29f22_chunk_2""]",0.0,1.0,0.45,0.7208,0.5569,0.5569,0.7208,0.6225,"{""gt_confidence"": 1.0, ""strategy"": ""weighted_mean"", ""chunks_indexed"": 4}"
5a83dd2c554299334474609e,hotpotqa,Name five actors that worked with a German cinematographer?,3,"[""5a83dd2c554299334474609e_chunk_0"", ""5a83dd2c554299334474609e_chunk_1"", ""5a83dd2c554299334474609e_chunk_2""]",0.0,1.0,0.45,0.8334,0.6626,0.6626,0.8334,0.7309,"{""gt_confidence"": 1.0, ""strategy"": ""weighted_mean"", ""chunks_indexed"": 4}"
5ae00895554299025d62a3b2,hotpotqa,"Who selected the quarterback in the 1999 NFL draft, two spots after All American Tim Couch?",3,"[""5ae00895554299025d62a3b2_chunk_0"", ""5ae00895554299025d62a3b2_chunk_1"", ""5ae00895554299025d62a3b2_chunk_2""]",0.0,1.0,0.45,0.9633,0.7489,0.7489,0.9633,0.8347,"{""gt_confidence"": 1.0, ""strategy"": ""weighted_mean"", ""chunks_indexed"": 4}"
5a8b83bc55429949d91db5c0,hotpotqa,"Bandit was built in 1988 by which Japanese amusement ride company that built roller coasters, giant wheels, carousels, flumes, dark rides, sky cycles and other amusement rides?",3,"[""5a8b83bc55429949d91db5c0_chunk_0"", ""5a8b83bc55429949d91db5c0_chunk_1"", ""5a8b83bc55429949d91db5c0_chunk_2""]",0.2924,1.0,0.45,0.8804,0.6306,0.6306,0.8804,0.7305,"{""gt_confidence"": 1.0, ""strategy"": ""weighted_mean"", ""chunks_indexed"": 4}"
5a7af74e55429931da12c9b5,hotpotqa,"Which band formed first, Duran Duran or The Fratellis?",3,"[""5a7af74e55429931da12c9b5_chunk_0"", ""5a7af74e55429931da12c9b5_chunk_1"", ""5a7af74e55429931da12c9b5_chunk_2""]",0.0,1.0,0.45,0.897,0.625,0.625,0.897,0.7338,"{""gt_confidence"": 1.0, ""strategy"": ""weighted_mean"", ""chunks_indexed"": 4}"
5a8753d95542994846c1cd63,hotpotqa,Did John Updike and Tom Clancy both publish more than 15 bestselling novels?,3,"[""5a8753d95542994846c1cd63_chunk_0"", ""5a8753d95542994846c1cd63_chunk_1"", ""5a8753d95542994846c1cd63_chunk_2""]",0.1462,1.0,0.45,0.8319,0.5437,0.5437,0.8319,0.659,"{""gt_confidence"": 1.0, ""strategy"": ""weighted_mean"", ""chunks_indexed"": 4}"
5ab9180b5542991b5579f0f3,hotpotqa,The Running Man Brothers is a South Korean pop duo. Kim Jong-kook is one member and he is from what country?,3,"[""5ab9180b5542991b5579f0f3_chunk_0"", ""5ab9180b5542991b5579f0f3_chunk_1"", ""5ab9180b5542991b5579f0f3_chunk_2""]",0.0,1.0,0.45,0.8126,0.6693,0.6693,0.8126,0.7266,"{""gt_confidence"": 1.0, ""strategy"": ""weighted_mean"", ""chunks_indexed"": 4}"
5a88a19a5542997e5c09a64b,hotpotqa,The American Sweetgum is the hostplant of what kind of bug?,3,"[""5a88a19a5542997e5c09a64b_chunk_0"", ""5a88a19a5542997e5c09a64b_chunk_1"", ""5a88a19a5542997e5c09a64b_chunk_2""]",0.4386,1.0,0.45,0.8301,0.675,0.675,0.8301,0.737,"{""gt_confidence"": 1.0, ""strategy"": ""weighted_mean"", ""chunks_indexed"": 4}"
5a7f3c8f55429930675136c9,hotpotqa,Buck Rogers XXVC is a published campaign setting or a homebrew campaign setting?,3,"[""5a7f3c8f55429930675136c9_chunk_0"", ""5a7f3c8f55429930675136c9_chunk_1"", ""5a7f3c8f55429930675136c9_chunk_2""]",0.1462,1.0,0.45,0.9257,0.7168,0.7168,0.9257,0.8004,"{""gt_confidence"": 1.0, ""strategy"": ""weighted_mean"", ""chunks_indexed"": 4}"
5a716c415542994082a3e827,hotpotqa,Which airline partners with Gogo Inflight Internet and opened in 1984?,3,"[""5a716c415542994082a3e827_chunk_0"", ""5a716c415542994082a3e827_chunk_1"", ""5a716c415542994082a3e827_chunk_2""]",0.2924,1.0,0.45,0.8423,0.5802,0.5802,0.8423,0.685,"{""gt_confidence"": 1.0, ""strategy"": ""weighted_mean"", ""chunks_indexed"": 4}"
5ab1d2585542997061209581,hotpotqa,Has Lasse Hallström gotten more Academy Award nominations than Dionciel Armstrong?,3,"[""5ab1d2585542997061209581_chunk_0"", ""5ab1d2585542997061209581_chunk_1"", ""5ab1d2585542997061209581_chunk_2""]",0.0,1.0,0.45,0.8874,0.6068,0.6068,0.8874,0.719,"{""gt_confidence"": 1.0, ""strategy"": ""weighted_mean"", ""chunks_indexed"": 4}"
5a7f962655429969796c1ac8,hotpotqa,"Which skyscraper has more floors, the SNCI Tower or 8 Spruce Street?",3,"[""5a7f962655429969796c1ac8_chunk_0"", ""5a7f962655429969796c1ac8_chunk_1"", ""5a7f962655429969796c1ac8_chunk_2""]",0.1462,1.0,0.45,0.9118,0.6778,0.6778,0.9118,0.7714,"{""gt_confidence"": 1.0, ""strategy"": ""weighted_mean"", ""chunks_indexed"": 5}"
5a88a35c554299206df2b316,hotpotqa,Who is the head of state of the territory where the Ibrahim-al-Ibrahim Mosque is located??,3,"[""5a88a35c554299206df2b316_chunk_0"", ""5a88a35c554299206df2b316_chunk_1"", ""5a88a35c554299206df2b316_chunk_2""]",0.4386,1.0,0.45,0.7968,0.6612,0.6612,0.7968,0.7154,"{""gt_confidence"": 1.0, ""strategy"": ""weighted_mean"", ""chunks_indexed"": 4}"
5abbf8bc5542993f40c73c35,hotpotqa,Are both Viken Babikian and Don Manoukian American ?,3,"[""5abbf8bc5542993f40c73c35_chunk_0"", ""5abbf8bc5542993f40c73c35_chunk_1"", ""5abbf8bc5542993f40c73c35_chunk_2""]",0.0,1.0,0.45,0.7321,0.4086,0.4086,0.7321,0.538,"{""gt_confidence"": 1.0, ""strategy"": ""weighted_mean"", ""chunks_indexed"": 3}"
5ac54f8d5542993e66e822f5,hotpotqa,"When did the author of ""Computing Machinery and Intelligence"" die?",3,"[""5ac54f8d5542993e66e822f5_chunk_0"", ""5ac54f8d5542993e66e822f5_chunk_1"", ""5ac54f8d5542993e66e822f5_chunk_2""]",0.0,1.0,0.45,0.8624,0.6208,0.6208,0.8624,0.7174,"{""gt_confidence"": 1.0, ""strategy"": ""weighted_mean"", ""chunks_indexed"": 5}"
5ac45b23554299204fd21f31,hotpotqa,"The 1994 ""The Shadow"" co-stars Lone, Penelope Ann Miller, Peter Boyle, Jonathan Winters, Tim Curry and an actor that has received how many Emmy Award nominations?",3,"[""5ac45b23554299204fd21f31_chunk_0"", ""5ac45b23554299204fd21f31_chunk_1"", ""5ac45b23554299204fd21f31_chunk_2""]",0.0,1.0,0.45,0.8231,0.6508,0.6508,0.8231,0.7197,"{""gt_confidence"": 1.0, ""strategy"": ""weighted_mean"", ""chunks_indexed"": 4}"
5ab681ea55429953192ad2e0,hotpotqa,Are Gael and Fitness published in the same country?,3,"[""5ab681ea55429953192ad2e0_chunk_0"", ""5ab681ea55429953192ad2e0_chunk_1"", ""5ab681ea55429953192ad2e0_chunk_2""]",0.4386,1.0,0.45,0.9083,0.6108,0.6108,0.9083,0.7298,"{""gt_confidence"": 1.0, ""strategy"": ""weighted_mean"", ""chunks_indexed"": 4}"
5ac11a8d5542992a796dedee,hotpotqa,"Which is a French documentary, The Seine Meets Paris and Great Old Amusement Parks?",3,"[""5ac11a8d5542992a796dedee_chunk_0"", ""5ac11a8d5542992a796dedee_chunk_1"", ""5ac11a8d5542992a796dedee_chunk_2""]",0.0,1.0,0.45,0.8468,0.6186,0.6186,0.8468,0.7099,"{""gt_confidence"": 1.0, ""strategy"": ""weighted_mean"", ""chunks_indexed"": 5}"
5ae707a25542991bbc9761a7,hotpotqa,How many Grands Prix wins did the Formula One driver from Brazil that holds the record for the most races contested score?,3,"[""5ae707a25542991bbc9761a7_chunk_0"", ""5ae707a25542991bbc9761a7_chunk_1"", ""5ae707a25542991bbc9761a7_chunk_2""]",0.1462,1.0,0.45,0.8929,0.691,0.691,0.8929,0.7718,"{""gt_confidence"": 1.0, ""strategy"": ""weighted_mean"", ""chunks_indexed"": 4}"
5ab3a84b554299233954ff7b,hotpotqa,What year did a Russian soprano opera singer born in October 1926 leave Russia with her cellist husband and daughter?,3,"[""5ab3a84b554299233954ff7b_chunk_0"", ""5ab3a84b554299233954ff7b_chunk_1"", ""5ab3a84b554299233954ff7b_chunk_2""]",0.0,1.0,0.45,0.8613,0.6608,0.6608,0.8613,0.741,"{""gt_confidence"": 1.0, ""strategy"": ""weighted_mean"", ""chunks_indexed"": 4}"
5a83b01c5542996488c2e489,hotpotqa,"What Argentinian retired defensive midfielder, and current manager of C.D. Guadalajara, was traded to Parma alongside Sérgio Conçeicão at the end of the 1999–2000 season? ",3,"[""5a83b01c5542996488c2e489_chunk_0"", ""5a83b01c5542996488c2e489_chunk_1"", ""5a83b01c5542996488c2e489_chunk_2""]",0.0,1.0,0.45,0.8394,0.6825,0.6825,0.8394,0.7453,"{""gt_confidence"": 1.0, ""strategy"": ""weighted_mean"", ""chunks_indexed"": 4}"
5ab6a261554299710c8d1f07,hotpotqa,Manni Sandhu worked with what singer that was born in 1977?,3,"[""5ab6a261554299710c8d1f07_chunk_0"", ""5ab6a261554299710c8d1f07_chunk_1"", ""5ab6a261554299710c8d1f07_chunk_2""]",0.0,1.0,0.45,0.8664,0.7128,0.7128,0.8664,0.7742,"{""gt_confidence"": 1.0, ""strategy"": ""weighted_mean"", ""chunks_indexed"": 4}"
5ab8494d55429916710eb016,hotpotqa,"Which was founded first, University of California, Santa Barbara or Hamdard University?",3,"[""5ab8494d55429916710eb016_chunk_0"", ""5ab8494d55429916710eb016_chunk_1"", ""5ab8494d55429916710eb016_chunk_2""]",0.1462,1.0,0.45,0.7864,0.4824,0.4824,0.7864,0.604,"{""gt_confidence"": 1.0, ""strategy"": ""weighted_mean"", ""chunks_indexed"": 4}"
5ab8750255429934fafe6dd1,hotpotqa,What is the southern border of the neighborhood that the Bruce Silverstein Gallery is located in?,3,"[""5ab8750255429934fafe6dd1_chunk_0"", ""5ab8750255429934fafe6dd1_chunk_1"", ""5ab8750255429934fafe6dd1_chunk_2""]",0.4386,1.0,0.45,0.8324,0.6535,0.6535,0.8324,0.7251,"{""gt_confidence"": 1.0, ""strategy"": ""weighted_mean"", ""chunks_indexed"": 4}"
5ae7281c5542991e8301cb69,hotpotqa,The fourth episode The Simpsons' seventh season has what kind of theme?,3,"[""5ae7281c5542991e8301cb69_chunk_0"", ""5ae7281c5542991e8301cb69_chunk_1"", ""5ae7281c5542991e8301cb69_chunk_2""]",0.1462,1.0,0.45,0.8244,0.6948,0.6948,0.8244,0.7466,"{""gt_confidence"": 1.0, ""strategy"": ""weighted_mean"", ""chunks_indexed"": 4}"
5abd1b5e55429933744ab728,hotpotqa, The A5117 runs between Shotwick and a village with a 2011 population of what?,3,"[""5abd1b5e55429933744ab728_chunk_0"", ""5abd1b5e55429933744ab728_chunk_1"", ""5abd1b5e55429933744ab728_chunk_2""]",0.0,1.0,0.45,0.8743,0.6286,0.6286,0.8743,0.7269,"{""gt_confidence"": 1.0, ""strategy"": ""weighted_mean"", ""chunks_indexed"": 4}"
5a8b7d7d5542997f31a41d4b,hotpotqa,What Tony Award winner directed and co-produced Six by Sondheim?,3,"[""5a8b7d7d5542997f31a41d4b_chunk_0"", ""5a8b7d7d5542997f31a41d4b_chunk_1"", ""5a8b7d7d5542997f31a41d4b_chunk_2""]",0.1462,1.0,0.45,0.7922,0.5698,0.5698,0.7922,0.6588,"{""gt_confidence"": 1.0, ""strategy"": ""weighted_mean"", ""chunks_indexed"": 4}"
5add016e5542992c1e3a250b,hotpotqa,What made the man who abolished the Consell in 1718 resume the throne?,3,"[""5add016e5542992c1e3a250b_chunk_0"", ""5add016e5542992c1e3a250b_chunk_1"", ""5add016e5542992c1e3a250b_chunk_2""]",0.2924,1.0,0.45,0.8908,0.6597,0.6597,0.8908,0.7521,"{""gt_confidence"": 1.0, ""strategy"": ""weighted_mean"", ""chunks_indexed"": 4}"
5ab811395542990e739ec80f,hotpotqa,Which continent have a distribution of both the Ternstroemia and Cussonia genus of plants? ,3,"[""5ab811395542990e739ec80f_chunk_0"", ""5ab811395542990e739ec80f_chunk_1"", ""5ab811395542990e739ec80f_chunk_2""]",0.2924,1.0,0.45,0.9084,0.7615,0.7615,0.9084,0.8203,"{""gt_confidence"": 1.0, ""strategy"": ""weighted_mean"", ""chunks_indexed"": 5}"
5ae48e7e55429913cc20449d,hotpotqa,"Gualdo Tadino Cathedral, a Roman Catholic cathedral, was dedicated to Saint Bendict of Nursia who is a patron saint of what continent?",3,"[""5ae48e7e55429913cc20449d_chunk_0"", ""5ae48e7e55429913cc20449d_chunk_1"", ""5ae48e7e55429913cc20449d_chunk_2""]",0.1462,1.0,0.45,0.8763,0.6245,0.6245,0.8763,0.7252,"{""gt_confidence"": 1.0, ""strategy"": ""weighted_mean"", ""chunks_indexed"": 4}"
5a7350585542992359bc32f9,hotpotqa,"Everybody's Crazy was produced by Michael Bolton, what genre of music does Everybody's Crazy fit into?",3,"[""5a7350585542992359bc32f9_chunk_0"", ""5a7350585542992359bc32f9_chunk_1"", ""5a7350585542992359bc32f9_chunk_2""]",0.0,1.0,0.45,0.8707,0.5753,0.5753,0.8707,0.6935,"{""gt_confidence"": 1.0, ""strategy"": ""weighted_mean"", ""chunks_indexed"": 4}"
5ae0818e55429924de1b70e9,hotpotqa,Gleanntáin Ghlas' Ghaoth Dobhair is a song that can be heard in pubs licensed to serve what?,3,"[""5ae0818e55429924de1b70e9_chunk_0"", ""5ae0818e55429924de1b70e9_chunk_1"", ""5ae0818e55429924de1b70e9_chunk_2""]",0.4386,1.0,0.45,0.8032,0.6744,0.6744,0.8032,0.7259,"{""gt_confidence"": 1.0, ""strategy"": ""weighted_mean"", ""chunks_indexed"": 4}"
5a74397055429974ef308bbe,hotpotqa,which coach did the longest tenured active coach n both the NBA and all US major sports leagues replaced in 1996?,3,"[""5a74397055429974ef308bbe_chunk_0"", ""5a74397055429974ef308bbe_chunk_1"", ""5a74397055429974ef308bbe_chunk_2""]",0.0,1.0,0.45,0.8485,0.6329,0.6329,0.8485,0.7191,"{""gt_confidence"": 1.0, ""strategy"": ""weighted_mean"", ""chunks_indexed"": 4}"
5ae834e95542997ec272776a,hotpotqa,What song written by Jimmy Webb inspired the name of a supergroup including Johnny Cash?,3,"[""5ae834e95542997ec272776a_chunk_0"", ""5ae834e95542997ec272776a_chunk_1"", ""5ae834e95542997ec272776a_chunk_2""]",0.0,1.0,0.45,0.8593,0.7026,0.7026,0.8593,0.7653,"{""gt_confidence"": 1.0, ""strategy"": ""weighted_mean"", ""chunks_indexed"": 5}"
5addb1515542995b365fab60,hotpotqa,In what year was the uprising that marred John P. Buchanan's term as governor ignited?,3,"[""5addb1515542995b365fab60_chunk_0"", ""5addb1515542995b365fab60_chunk_1"", ""5addb1515542995b365fab60_chunk_2""]",0.2924,1.0,0.45,0.7774,0.6467,0.6467,0.7774,0.699,"{""gt_confidence"": 1.0, ""strategy"": ""weighted_mean"", ""chunks_indexed"": 4}"
5ac1682855429964131be1d2,hotpotqa,A journal to which Jim Rasenberger contributes is the official journal of an institute located in what city?,3,"[""5ac1682855429964131be1d2_chunk_0"", ""5ac1682855429964131be1d2_chunk_1"", ""5ac1682855429964131be1d2_chunk_2""]",0.1462,1.0,0.45,0.8417,0.6592,0.6592,0.8417,0.7322,"{""gt_confidence"": 1.0, ""strategy"": ""weighted_mean"", ""chunks_indexed"": 4}"
5a7cf29255429909bec768b8,hotpotqa,The Ingerophrynus gollum is named after a character in a book that sold how many copies?,3,"[""5a7cf29255429909bec768b8_chunk_0"", ""5a7cf29255429909bec768b8_chunk_1"", ""5a7cf29255429909bec768b8_chunk_2""]",0.1462,1.0,0.45,0.799,0.6696,0.6696,0.799,0.7214,"{""gt_confidence"": 1.0, ""strategy"": ""weighted_mean"", ""chunks_indexed"": 4}"
5ae0aabc55429945ae9593fe,hotpotqa,Veljko Čubrilović was involved in the assassination of which heir to the Austro-Hungarian throne?,3,"[""5ae0aabc55429945ae9593fe_chunk_0"", ""5ae0aabc55429945ae9593fe_chunk_1"", ""5ae0aabc55429945ae9593fe_chunk_2""]",0.0,1.0,0.45,0.8402,0.7098,0.7098,0.8402,0.762,"{""gt_confidence"": 1.0, ""strategy"": ""weighted_mean"", ""chunks_indexed"": 5}"
5ab463da5542990594ba9c0d,hotpotqa,What comic book does Hershel Greene and Carl Grimes appear in as characters?,3,"[""5ab463da5542990594ba9c0d_chunk_0"", ""5ab463da5542990594ba9c0d_chunk_1"", ""5ab463da5542990594ba9c0d_chunk_2""]",0.1462,1.0,0.45,0.842,0.655,0.655,0.842,0.7298,"{""gt_confidence"": 1.0, ""strategy"": ""weighted_mean"", ""chunks_indexed"": 4}"
5ab510cb5542996a3a96a00f,hotpotqa,Were both the Battle of Saipan and the Battle of Manila fought by American forces?,3,"[""5ab510cb5542996a3a96a00f_chunk_0"", ""5ab510cb5542996a3a96a00f_chunk_1"", ""5ab510cb5542996a3a96a00f_chunk_2""]",0.2924,1.0,0.45,0.8533,0.5974,0.5974,0.8533,0.6998,"{""gt_confidence"": 1.0, ""strategy"": ""weighted_mean"", ""chunks_indexed"": 5}"
5a71674f5542994082a3e819,hotpotqa,When was the magazine Sam Duckworth got his name Get Cape. Wear Cape. Fly from launched?,3,"[""5a71674f5542994082a3e819_chunk_0"", ""5a71674f5542994082a3e819_chunk_1"", ""5a71674f5542994082a3e819_chunk_2""]",0.1462,1.0,0.45,0.8123,0.5895,0.5895,0.8123,0.6786,"{""gt_confidence"": 1.0, ""strategy"": ""weighted_mean"", ""chunks_indexed"": 4}"
5a8f03855542997ba9cb3186,hotpotqa,The Collection at RiverPark is anchored by Target and an American supermarket chain that features foods without what type of fat?,3,"[""5a8f03855542997ba9cb3186_chunk_0"", ""5a8f03855542997ba9cb3186_chunk_1"", ""5a8f03855542997ba9cb3186_chunk_2""]",0.2924,1.0,0.45,0.8994,0.6292,0.6292,0.8994,0.7373,"{""gt_confidence"": 1.0, ""strategy"": ""weighted_mean"", ""chunks_indexed"": 4}"
5ac00278554299012d1db56b,hotpotqa,What profession do Raj Kapoor and Mike Cahill share?,3,"[""5ac00278554299012d1db56b_chunk_0"", ""5ac00278554299012d1db56b_chunk_1"", ""5ac00278554299012d1db56b_chunk_2""]",0.0,1.0,0.45,0.8015,0.4839,0.4839,0.8015,0.6109,"{""gt_confidence"": 1.0, ""strategy"": ""weighted_mean"", ""chunks_indexed"": 4}"
5ae7f56e5542993210983fd1,hotpotqa,Who is the author of the series in which Rupert Grint plays one of the three main characters?,3,"[""5ae7f56e5542993210983fd1_chunk_0"", ""5ae7f56e5542993210983fd1_chunk_1"", ""5ae7f56e5542993210983fd1_chunk_2""]",0.2924,1.0,0.45,0.8482,0.7019,0.7019,0.8482,0.7604,"{""gt_confidence"": 1.0, ""strategy"": ""weighted_mean"", ""chunks_indexed"": 4}"
5ae152a65542990adbacf74f,hotpotqa,When was the novel published  in 2010 which is part of the series of The Maze Runner?,3,"[""5ae152a65542990adbacf74f_chunk_0"", ""5ae152a65542990adbacf74f_chunk_1"", ""5ae152a65542990adbacf74f_chunk_2""]",0.0,1.0,0.45,0.9535,0.6728,0.6728,0.9535,0.7851,"{""gt_confidence"": 1.0, ""strategy"": ""weighted_mean"", ""chunks_indexed"": 4}"
5a8f92fb55429918e830d271,hotpotqa,"Professional cyclist Sara Symington competed in which Olympic Games held in Sydeney, Australia?",3,"[""5a8f92fb55429918e830d271_chunk_0"", ""5a8f92fb55429918e830d271_chunk_1"", ""5a8f92fb55429918e830d271_chunk_2""]",0.0,1.0,0.45,0.8408,0.6066,0.6066,0.8408,0.7003,"{""gt_confidence"": 1.0, ""strategy"": ""weighted_mean"", ""chunks_indexed"": 5}"
5a8367c1554299334474600e,hotpotqa,Which team did Lars Lunde play for when defeated for the 1987 European Cup Final?,3,"[""5a8367c1554299334474600e_chunk_0"", ""5a8367c1554299334474600e_chunk_1"", ""5a8367c1554299334474600e_chunk_2""]",0.0,1.0,0.45,0.8694,0.6129,0.6129,0.8694,0.7155,"{""gt_confidence"": 1.0, ""strategy"": ""weighted_mean"", ""chunks_indexed"": 4}"
5a8db788554299653c1aa145,hotpotqa,"Which male singer performed together with a female American singer, who was born in 1954 and whose third studio album was named Through His Eyes, have a hit duet with in 1985?",3,"[""5a8db788554299653c1aa145_chunk_0"", ""5a8db788554299653c1aa145_chunk_1"", ""5a8db788554299653c1aa145_chunk_2""]",0.0,1.0,0.45,0.8681,0.7076,0.7076,0.8681,0.7718,"{""gt_confidence"": 1.0, ""strategy"": ""weighted_mean"", ""chunks_indexed"": 4}"
5a832ad55542990548d0b1b5,hotpotqa,What city hosts an annual convention devoted to a line of toys manufactured by a company based in Denmark?,3,"[""5a832ad55542990548d0b1b5_chunk_0"", ""5a832ad55542990548d0b1b5_chunk_1"", ""5a832ad55542990548d0b1b5_chunk_2""]",0.4386,1.0,0.45,0.8968,0.6484,0.6484,0.8968,0.7478,"{""gt_confidence"": 1.0, ""strategy"": ""weighted_mean"", ""chunks_indexed"": 4}"
5ab482815542990594ba9c3d,hotpotqa,"Flowers in the Attick starred which ""Mad Men"" actress?",3,"[""5ab482815542990594ba9c3d_chunk_0"", ""5ab482815542990594ba9c3d_chunk_1"", ""5ab482815542990594ba9c3d_chunk_2""]",0.0,1.0,0.45,0.8752,0.6286,0.6286,0.8752,0.7272,"{""gt_confidence"": 1.0, ""strategy"": ""weighted_mean"", ""chunks_indexed"": 4}"
5ab91799554299753720f6ea,hotpotqa,When did the third international spin off of Pawn Stars debut?,3,"[""5ab91799554299753720f6ea_chunk_0"", ""5ab91799554299753720f6ea_chunk_1"", ""5ab91799554299753720f6ea_chunk_2""]",0.0,1.0,0.45,0.8436,0.6565,0.6565,0.8436,0.7313,"{""gt_confidence"": 1.0, ""strategy"": ""weighted_mean"", ""chunks_indexed"": 4}"
5ab73b2e5542993667793f9b,hotpotqa,In what year was Kasper Schmeichel's father born?,3,"[""5ab73b2e5542993667793f9b_chunk_0"", ""5ab73b2e5542993667793f9b_chunk_1"", ""5ab73b2e5542993667793f9b_chunk_2""]",0.0,1.0,0.45,0.7965,0.6134,0.6134,0.7965,0.6866,"{""gt_confidence"": 1.0, ""strategy"": ""weighted_mean"", ""chunks_indexed"": 4}"
5abdcea955429965af743e5a,hotpotqa,"David Wayne Hull (born 1962 or 1963) is a leader of which group that originated in Mississippi in the early 1960s under the leadership of Samuel Bowers, its first Grand Wizard?",3,"[""5abdcea955429965af743e5a_chunk_0"", ""5abdcea955429965af743e5a_chunk_1"", ""5abdcea955429965af743e5a_chunk_2""]",0.0,1.0,0.45,0.8672,0.5956,0.5956,0.8672,0.7042,"{""gt_confidence"": 1.0, ""strategy"": ""weighted_mean"", ""chunks_indexed"": 4}"
5abc7d6d5542993a06baf8f3,hotpotqa,Kevin Yorn an American entertainment attorney who represents an Australian actor who  played the role of Josh Taylor in what soap opera?,3,"[""5abc7d6d5542993a06baf8f3_chunk_0"", ""5abc7d6d5542993a06baf8f3_chunk_1"", ""5abc7d6d5542993a06baf8f3_chunk_2""]",0.1462,1.0,0.45,0.8746,0.6843,0.6843,0.8746,0.7604,"{""gt_confidence"": 1.0, ""strategy"": ""weighted_mean"", ""chunks_indexed"": 4}"
5ae8167b55429952e35eaa06,hotpotqa,What 1876 battle featured the Other Magpie?,3,"[""5ae8167b55429952e35eaa06_chunk_0"", ""5ae8167b55429952e35eaa06_chunk_1"", ""5ae8167b55429952e35eaa06_chunk_2""]",0.4386,1.0,0.45,0.9023,0.6636,0.6636,0.9023,0.7591,"{""gt_confidence"": 1.0, ""strategy"": ""weighted_mean"", ""chunks_indexed"": 4}"
5a7545605542993748c89807,hotpotqa,"Michael Mark Brodsky is known for his translation of what Irish avant-garde novelist, playwright, theatre director, and poet?",3,"[""5a7545605542993748c89807_chunk_0"", ""5a7545605542993748c89807_chunk_1"", ""5a7545605542993748c89807_chunk_2""]",0.0,1.0,0.45,0.8921,0.7268,0.7268,0.8921,0.7929,"{""gt_confidence"": 1.0, ""strategy"": ""weighted_mean"", ""chunks_indexed"": 4}"
5ae4808455429970de88d990,hotpotqa,How many people did the South Korean spree killer which NICS Improvement Amendments Act of 2007 enabaled to buy firearm killed in 2007,3,"[""5ae4808455429970de88d990_chunk_0"", ""5ae4808455429970de88d990_chunk_1"", ""5ae4808455429970de88d990_chunk_2""]",0.0,1.0,0.45,0.8269,0.6483,0.6483,0.8269,0.7197,"{""gt_confidence"": 1.0, ""strategy"": ""weighted_mean"", ""chunks_indexed"": 4}"
5a8209845542990a1d231f1f,hotpotqa,The Peabody Hotel in Memphis (and a sister hotel in Orlando) are named after what residents of the hotel rooftop?,3,"[""5a8209845542990a1d231f1f_chunk_0"", ""5a8209845542990a1d231f1f_chunk_1"", ""5a8209845542990a1d231f1f_chunk_2""]",0.1462,1.0,0.45,0.9067,0.6155,0.6155,0.9067,0.732,"{""gt_confidence"": 1.0, ""strategy"": ""weighted_mean"", ""chunks_indexed"": 4}"
5a867089554299211dda2b30,hotpotqa,"Which magazine is published more often, Shonen Jump or Rolling Stone?",3,"[""5a867089554299211dda2b30_chunk_0"", ""5a867089554299211dda2b30_chunk_1"", ""5a867089554299211dda2b30_chunk_2""]",0.0,1.0,0.45,0.8864,0.6147,0.6147,0.8864,0.7234,"{""gt_confidence"": 1.0, ""strategy"": ""weighted_mean"", ""chunks_indexed"": 4}"
5a89b8f0554299669944a580,hotpotqa,When was Aimee Carrero's depiction of Angie first aired?,3,"[""5a89b8f0554299669944a580_chunk_0"", ""5a89b8f0554299669944a580_chunk_1"", ""5a89b8f0554299669944a580_chunk_2""]",0.0,1.0,0.45,0.8475,0.6098,0.6098,0.8475,0.7049,"{""gt_confidence"": 1.0, ""strategy"": ""weighted_mean"", ""chunks_indexed"": 4}"
5abaf4535542996cc5e49f35,hotpotqa,Where was the coach of the 1999 Oklahoma State Cowboys football team hired in 2013?,3,"[""5abaf4535542996cc5e49f35_chunk_0"", ""5abaf4535542996cc5e49f35_chunk_1"", ""5abaf4535542996cc5e49f35_chunk_2""]",0.0,1.0,0.45,0.8778,0.678,0.678,0.8778,0.7579,"{""gt_confidence"": 1.0, ""strategy"": ""weighted_mean"", ""chunks_indexed"": 4}"
5a8e06785542995085b37383,hotpotqa,The name of the Japanese rock band T-Bolan was inspired by the name of an English rock band formed in what year?,3,"[""5a8e06785542995085b37383_chunk_0"", ""5a8e06785542995085b37383_chunk_1"", ""5a8e06785542995085b37383_chunk_2""]",0.0,1.0,0.45,0.8858,0.664,0.664,0.8858,0.7527,"{""gt_confidence"": 1.0, ""strategy"": ""weighted_mean"", ""chunks_indexed"": 4}"
